month,average_logins,average_days_to_activate
April-2020,5.040329972502292,0.25566379595681843
February-2020,5.045390734674778,0.2508045145929741
January-2020,4.921789741724264,0.24669217678482344
March-2020,5.124149659863946,0.24838367268203582
